{
  "train_losses": [
    1.2795104237034454,
    1.2551281726969856,
    1.2367944134850515,
    1.2196097245060489
  ],
  "val_losses": [
    1.1801592335665136,
    1.171942502932441,
    1.1599675103237754,
    1.144412688742903
  ],
  "train_accs": [
    0.44425817267393125,
    0.46689019279128247,
    0.5037720033528919,
    0.5037720033528919
  ],
  "val_accs": [
    0.5789473684210527,
    0.5864661654135338,
    0.5639097744360902,
    0.5714285714285714
  ],
  "best_val_acc": 0.5864661654135338,
  "best_val_loss": 1.171942502932441,
  "final_epoch": 4
}