{
  "train_loss": [
    0.07136721604603388,
    0.05911364404401954,
    0.05517381754540899,
    0.05110208980019348,
    0.049401950528820876,
    0.04755466321468665,
    0.047282632858572676,
    0.04564406168367471,
    0.04628835222623056,
    0.04389370029534435,
    0.04377058944993169,
    0.043533894104528056,
    0.04273539224235881,
    0.0435367872204155,
    0.04224191429993191
  ],
  "val_loss": [
    0.03566869753930304,
    0.03337235532149121,
    0.03343396466915254,
    0.03116674615001237,
    0.03189750901526875,
    0.03171900923329371,
    0.03090365800868582,
    0.03007271746518435,
    0.033053352352645664,
    0.029667933133465274,
    0.03245879933238029,
    0.030665375154327462,
    0.03159200177976379,
    0.030258732358062708,
    0.02987886435455746
  ],
  "valence_rmse": [
    0.18879589438438416,
    0.1867743581533432,
    0.1862305849790573,
    0.17989693582057953,
    0.18110401928424835,
    0.17922544479370117,
    0.17854450643062592,
    0.17701730132102966,
    0.19133682548999786,
    0.17575772106647491,
    0.18707026541233063,
    0.181097611784935,
    0.18187984824180603,
    0.17836447060108185,
    0.1758037656545639
  ],
  "arousal_rmse": [
    0.18892726302146912,
    0.17849382758140564,
    0.1794048398733139,
    0.1731201410293579,
    0.1760578155517578,
    0.17696401476860046,
    0.1730005145072937,
    0.16973599791526794,
    0.17174668610095978,
    0.16865672171115875,
    0.1729806810617447,
    0.16892129182815552,
    0.17350424826145172,
    0.16942130029201508,
    0.16985510289669037
  ]
}