{
  "train_losses": [
    1.3050981405745294,
    1.2490566578820825,
    1.2352963922694957,
    1.1929518098071228,
    1.1702369454637374,
    1.1343901359046074,
    1.1010453993008076,
    1.103821358440905,
    1.0738642578573494,
    1.0514352837082297,
    1.0352015945352346,
    1.0148277636215937,
    1.0235314708687293,
    1.014889766934804
  ],
  "val_losses": [
    1.4877950318185167,
    1.394432571981226,
    1.4028707166439494,
    1.3297421404356446,
    1.3878813084641066,
    1.3224044576342255,
    1.3694048530501193,
    1.382014408322718,
    1.2946986808988001,
    1.3369291264192644,
    1.3342077432963242,
    1.3612846386828545,
    1.3351716313414907,
    1.3247760868600373
  ],
  "train_accs": [
    0.2612671456564337,
    0.2952318745917701,
    0.2998040496407577,
    0.3677335075114304,
    0.36577400391900716,
    0.3919007184846506,
    0.4232527759634226,
    0.4480731548007838,
    0.44611365120836055,
    0.465055519268452,
    0.45852384062704116,
    0.4761593729588504,
    0.4722403657740039,
    0.4892227302416721
  ],
  "val_accs": [
    0.13284132841328414,
    0.14391143911439114,
    0.16974169741697417,
    0.31365313653136534,
    0.2066420664206642,
    0.30996309963099633,
    0.25830258302583026,
    0.26199261992619927,
    0.33210332103321033,
    0.25461254612546125,
    0.24723247232472326,
    0.24354243542435425,
    0.2656826568265683,
    0.2693726937269373
  ],
  "best_val_acc": 0.33210332103321033,
  "best_val_loss": 1.2946986808988001,
  "final_epoch": 14
}