{
  "train_losses": [
    1.2183921501002988,
    1.2050164902000395,
    1.1849508862083735,
    1.1825252310228467
  ],
  "val_losses": [
    1.1981312081329805,
    1.193716992112927,
    1.1859388279735594,
    1.1788030333985062
  ],
  "train_accs": [
    0.5104777870913663,
    0.5255658005029338,
    0.5381391450125733,
    0.5406538139145013
  ],
  "val_accs": [
    0.5413533834586466,
    0.5488721804511278,
    0.5338345864661654,
    0.5413533834586466
  ],
  "best_val_acc": 0.5488721804511278,
  "best_val_loss": 1.193716992112927,
  "final_epoch": 4
}