{
  "train_losses": [
    1.4734365039401585,
    1.4188084937908032,
    1.369203132170218,
    1.3419335674356532,
    1.313863875247814
  ],
  "val_losses": [
    1.3799145936965942,
    1.3318832715352376,
    1.2839030981063844,
    1.242684046427409,
    1.2154301007588704
  ],
  "train_accs": [
    0.2388888888888889,
    0.29814814814814816,
    0.3351851851851852,
    0.40370370370370373,
    0.4685185185185185
  ],
  "val_accs": [
    0.38333333333333336,
    0.31666666666666665,
    0.43333333333333335,
    0.55,
    0.6333333333333333
  ],
  "best_val_acc": 0.6333333333333333,
  "best_val_loss": 1.2154301007588704,
  "final_epoch": 5
}